{
  "type": "bubble",
  "header": {
    "type": "box",
    "layout": "vertical",
    "contents": [
      {
        "type": "text",
        "size": "3xl",
        "text": "Jadwal Kuliah"
      }
    ]
  },
  "body": {
    "type": "box",
    "layout": "vertical",
    "spacing": "md",
    "contents": [
      {
        "type": "button",
        "style": "secondary",
        "action": {
          "type": "message",
          "label": "Senin",
          "text": "/jadwalsenin"
        }
      },
      {
        "type": "button",
        "style": "secondary",
        "action": {
          "type": "message",
          "label": "Selasa",
          "text": "/jadwalselasa"
        }
      },
      {
        "type": "button",
        "style": "secondary",
        "action": {
          "type": "message",
          "label": "Rabu",
          "text": "/jadwalrabu"
        }
      },
      {
        "type": "button",
        "style": "secondary",
        "action": {
          "type": "message",
          "label": "Kamis",
          "text": "/jadwalkamis"
        }
      },
      {
        "type": "button",
        "style": "secondary",
        "action": {
          "type": "message",
          "label": "Jum'at",
          "text": "/jadwaljumat"
        }
      },
      {
        "type": "button",
        "style": "secondary",
        "action": {
          "type": "message",
          "label": "Jadwal Full",
          "text": "/seluruhjadwal"
        }
      }
    ]
  }
}