{
  "type": "bubble",
  "header": {
    "type": "box",
    "layout": "vertical",
    "contents": [
      {
        "type": "text",
        "size": "xl",
        "text": "Daftar Menu"
      }
    ]
  },
  "body": {
    "type": "box",
    "layout": "vertical",
    "spacing": "md",
    "contents": [
      {
        "type": "button",
        "style": "secondary",
        "action": {
          "type": "message",
          "label": "Jadwal Kuliah Sekarang",
          "text": "/kuliah"
        }
      },
      {
        "type": "button",
        "style": "secondary",
        "action": {
          "type": "message",
          "label": "Daftar Jadwal Kuliah",
          "text": "/jadwal"
        }
      },
      {
        "type": "button",
        "style": "secondary",
        "action": {
          "type": "message",
          "label": "Info Perkuliah",
          "text": "/info"
        }
      },
      {
        "type": "button",
        "style": "secondary",
        "action": {
          "type": "message",
          "label": "Contact Dosen",
          "text": "/dosen"
        }
      },
      {
        "type": "button",
        "style": "secondary",
        "action": {
          "type": "message",
          "label": "Tentang Bot",
          "text": "/tentang"
        }
      }
    ]
  }
}